incident_id,opened_at,closed_at,priority,state,assignment_group,assigned_to,opened_by_email,stakeholder_emails,team_emails,service,category,short_description,description,business_impact,resolution,location,reopened_count
RET00001,2026-03-02 08:07,2026-03-02 13:07,Critical,Closed,Ecommerce Checkout Squad,Maya Chen,ecommerce.ops@northstar-retail.example,customer-support@northstar-retail.example;ecommerce-director@northstar-retail.example;sales-leadership@northstar-retail.example,checkout-engineering@northstar-retail.example;payments-ops@northstar-retail.example,Checkout Platform,Application,Checkout confirmation page returns intermittent errors,Checkout timeout returned elevated 5xx responses during morning promotion traffic.,Revenue capture was delayed due to abandoned carts and duplicate payment uncertainty contacts.,"Scaled checkout workers, replayed failed order events and added checkout error monitoring.",United Kingdom,1
RET00002,2026-03-02 10:14,2026-03-02 18:14,High,Closed,Payments Operations,Lucas Meyer,support.lead@northstar-retail.example,finance-ops@northstar-retail.example;ecommerce-director@northstar-retail.example,payments-ops@northstar-retail.example;vendor-management@northstar-retail.example,Payment Gateway,Integration,Payment provider authorization latency exceeds SLA,External card authorization calls slowed during high basket volume.,Cart abandonment increased at the final payment step and support contacts rose.,Enabled secondary payment route and escalated latency issue to provider.,EU Payment Region,0
RET00003,2026-03-03 09:21,,High,In Progress,Customer Identity Team,Aisha Patel,marketing.ops@northstar-retail.example,customer-support@northstar-retail.example;marketing@northstar-retail.example;ct-office@northstar-retail.example,identity-team@northstar-retail.example;web-platform@northstar-retail.example,Customer Login,Identity,Loyalty login redirects fail for repeat customers,Password reset callback generated invalid localized redirect URLs.,"Known customers could not access saved baskets, loyalty discounts or order history.",Identity team is correcting redirect allowlist and monitoring successful login rate.,Germany,1
RET00004,2026-03-04 15:28,2026-03-05 09:28,Medium,Closed,Inventory Systems,Sofia Rossi,ecommerce.ops@northstar-retail.example,logistics@northstar-retail.example;store-operations@northstar-retail.example;ecommerce-director@northstar-retail.example,inventory-systems@northstar-retail.example;data-platform@northstar-retail.example,Inventory Availability,Data Pipeline,Inventory feed stale for high-demand products,Inventory delta feed lagged behind warehouse updates after message backlog increased.,Oversell and cancellation risk increased for promoted products.,Reprocessed inventory backlog and increased sync frequency for campaign SKUs.,Distribution Center DE-01,0
RET00005,2026-03-05 11:35,2026-03-05 18:35,High,Closed,Logistics Integrations,Diego Alvarez,storecare@northstar-retail.example,logistics@northstar-retail.example;customer-support@northstar-retail.example;supply-chain@northstar-retail.example,logistics-integrations@northstar-retail.example;carrier-management@northstar-retail.example,Shipping API,Third-party API,Carrier label generation fails for express orders,Primary carrier API rejected label requests after certificate rotation.,Express shipments were delayed and customer delivery expectations needed manual updates.,"Renewed carrier certificate, retried labels and enabled secondary carrier route.",France,0
RET00006,2026-03-06 13:42,2026-03-07 01:42,Medium,Closed,Mobile Experience Team,Nora Svensson,marketing.ops@northstar-retail.example,mobile-product@northstar-retail.example;marketing@northstar-retail.example;customer-support@northstar-retail.example,mobile-engineering@northstar-retail.example;observability@northstar-retail.example,Mobile Shopping App,Mobile,Push campaign deep links open blank product pages,Localized product IDs were missing from mobile app campaign cache.,Mobile campaign engagement dropped and customers could not reach promoted products.,Fixed deep link mapping and reissued campaign with corrected URLs.,iOS App,0
RET00007,2026-03-09 08:49,,Critical,Open,Ecommerce Checkout Squad,Elena Garcia,ecommerce.ops@northstar-retail.example,customer-support@northstar-retail.example;ecommerce-director@northstar-retail.example;sales-leadership@northstar-retail.example,checkout-engineering@northstar-retail.example;payments-ops@northstar-retail.example,Checkout Platform,Application,Black Friday checkout queue saturation detected,Checkout timeout happened again when order orchestration queue saturated during Black Friday rehearsal traffic.,Commercial launch readiness is at risk because checkout confirmation timeout keeps recurring.,"Incident bridge active with checkout, payments, support and marketing leadership.",Global Web,2
RET00008,2026-03-10 16:01,2026-03-11 12:01,High,Closed,Ecommerce Checkout Squad,Tom Walker,storecare@northstar-retail.example,customer-support@northstar-retail.example;ecommerce-director@northstar-retail.example;store-operations@northstar-retail.example,checkout-engineering@northstar-retail.example;inventory-systems@northstar-retail.example,Checkout Platform,Application,Checkout timeout repeats for click-and-collect baskets,Checkout timeout happened again for click-and-collect baskets when order orchestration waited on store pickup capacity sync.,Revenue capture and pickup conversion were delayed again for customers choosing store collection.,"Increased timeout threshold, replayed affected orders and added monitoring for pickup checkout waits.",Spain,1
RET00009,2026-03-12 09:08,2026-03-12 23:08,High,Closed,Ecommerce Checkout Squad,Maya Chen,ecommerce.ops@northstar-retail.example,customer-support@northstar-retail.example;ecommerce-director@northstar-retail.example;marketing@northstar-retail.example,checkout-engineering@northstar-retail.example;web-platform@northstar-retail.example,Checkout Platform,Application,Checkout timeout recurring during campaign landing traffic,Similar checkout timeout pattern returned during campaign landing traffic after product page personalization increased downstream calls.,Campaign conversion was degraded because customers reached checkout but could not confirm orders quickly.,"Reduced checkout dependency calls, warmed cache for campaign SKUs and added recurring timeout alert.",France,1
RET00010,2026-03-14 12:15,,Medium,In Progress,Customer Support Tools,Sofia Rossi,support.lead@northstar-retail.example,customer-support@northstar-retail.example;sales-leadership@northstar-retail.example,crm-support@northstar-retail.example;data-platform@northstar-retail.example,Customer Support CRM,Data Quality,Duplicate payment cases created in support CRM,Payment uncertainty events generated duplicate cases for the same customer session.,Support productivity decreased and customers risked receiving inconsistent follow-up.,CRM team is deduplicating cases and adjusting event matching logic.,United Kingdom,1
RET00011,2026-03-16 18:22,2026-03-18 00:22,Medium,Closed,Customer Identity Team,Nora Svensson,marketing.ops@northstar-retail.example,customer-support@northstar-retail.example;marketing@northstar-retail.example;ct-office@northstar-retail.example,identity-team@northstar-retail.example;web-platform@northstar-retail.example,Customer Login,Identity,Customer login redirects fail again for loyalty campaign,Recurring login redirect failure affected loyalty users after campaign-specific identity redirect rules were deployed.,Repeat customer engagement was degraded and loyalty campaign conversion was delayed.,Corrected identity redirect rules and added campaign login validation checklist.,Netherlands,1
RET00012,2026-03-18 07:29,2026-03-18 17:29,High,Closed,Payments Operations,Diego Alvarez,finance.ops@northstar-retail.example,finance-ops@northstar-retail.example;customer-support@northstar-retail.example;ecommerce-director@northstar-retail.example,fraud-ops@northstar-retail.example;payments-ops@northstar-retail.example,Payment Gateway,Integration,Payment authorization timeout recurring for loyal customers,Payment authorization timeout occurred again after fraud scoring dependency slowed card approval calls.,Valid orders were delayed and customer trust was affected because customers saw payment uncertainty again.,"Adjusted fraud scoring timeout, routed card traffic to secondary provider and reconciled delayed approvals.",Italy,1
